排名,笔记标题,账号昵称,发布时间,笔记阅读数,笔记商品点击率,笔记支付转化率,笔记成交金额（元）
1,女生有没有抑郁，看她房间就知道了,身心疗愈灯塔,2025-11-13,10万以上,0-5%,5%-15%,￥0-1000
2,🔥压力测试｜测测你是不是心理压力大？,身心研究站,2025-11-10,10万以上,0-5%,25%-50%,￥0-1000
3,5分钟测试你的抑郁焦虑状态！,Lullaby心理疗愈,2025-10-19,10万以上,0-5%,15%-25%,￥1000-5000
4,压抑和开放这一块,小暖心灵疗愈室,2025-11-10,10万以上,0-5%,25%-50%,￥1000-5000
5,这里的每一题 好像都会让我停下来深思,菜菜的社交心法,2025-11-10,10万以上,0-5%,25%-50%,￥1000-5000
6,第一次感觉自己原来那么冷,元宝家的,2025-11-02,10万以上,0-5%,25%-50%,￥1000-5000
7,3分钟测试你的动物塑!,菜菜的社交心法,2025-11-08,10万以上,0-5%,25%-50%,￥1000-5000
8,🔥心理压力测试｜你压力是不是有点大？,心理研究站,2025-11-14,10万以上,0-5%,15%-25%,￥0-1000
9,最容易被cue的16mbti刻板表情,寻己,2025-10-27,10万以上,0-5%,25%-50%,￥0-1000
10,我珍惜你的方式错了吗,元宝家的,2025-11-02,10万以上,0-5%,25%-50%,￥0-1000
11,ENFP越想活得热烈，越被现实浇灭,心晴,2025-11-09,10万以上,0-5%,50%-70%,￥1000-5000
12,原来抑郁早就开始了，以为只是不开心,心理扫码站,2025-10-27,10万以上,0-5%,25%-50%,￥0-1000
13,🔥心理压力测试 | 看看你压力大不大?,身心疗愈心理 研究站,2025-11-08,10万以上,0-5%,15%-25%,￥0-1000
14,怎么选都是痛,元宝家的,2025-11-09,10万以上,0-5%,25%-50%,￥0-1000
15,你最不能容忍的背叛是什么？,拾夏日记,2025-11-11,10万以上,0-5%,25%-50%,￥0-1000
16,和你们占有欲低的人没什么好讲的,元宝家的,2025-11-08,10万以上,0-5%,25%-50%,￥1000-5000
17,我实在是没忍住｜动物塑,心理疗愈研究所测试,2025-11-11,10万以上,0-5%,25%-50%,￥0-1000
18,如果世界是一片漆黑的森林，你选择成为？,小西情绪站,2025-11-07,10万以上,0-5%,25%-50%,￥0-1000
19,我们高喊无爱者自由…,心晴,2025-11-11,10万以上,0-5%,50%-70%,￥1000-5000
20,我把天赋当废柴用了20年,西西的奇思妙想,2025-11-09,10万以上,0-5%,15%-25%,￥1000-5000
21,一定要在新手保护期内完成社会化,野生小薯条,2025-11-08,10万以上,0-5%,15%-25%,1万-5万
22,抑郁最不想见到的一种，就是这个了…,心灵宝藏,2025-10-31,10万以上,0-5%,15%-25%,￥0-1000
23,🔥心理压力测试 | 最近压力是不是有些大?,身心疗愈心理 研究站,2025-11-10,10万以上,0-5%,15%-25%,￥0-1000
24,测测自己的动物原型🧐,心理治愈bot,2025-11-06,10万以上,5%-15%,15%-25%,￥1000-5000
25,想不到我还挺有天赋的？,心理交流站,2025-10-23,10万以上,0-5%,50%-70%,￥0-1000
26,你们都是多大发现自己是弯的？,小栗副业笔记,2025-10-25,10万以上,0-5%,25%-50%,￥0-1000
27,原来这是焦虑躯体化，我还以为是玩手机上瘾,心安小栈,2025-10-28,10万以上,0-5%,25%-50%,￥0-1000
28,看我不爽就对了，看我爽了还得了,菜菜的社交心法,2025-11-10,10万以上,0-5%,25%-50%,￥0-1000
29,-,元宝家的,2025-11-08,10万以上,0-5%,25%-50%,￥0-1000
30,-,Lucy心理疗愈,2025-11-12,10万以上,0-5%,25%-50%,￥0-1000
31,2700粉福 0.52带走35支平铺笔刷,十七张张,2025-11-07,10万以上,0-5%,15%-25%,￥0-1000
32,娇纵虚荣的你x溺爱成瘾的皇帝（伪骨）,哈哈呼哈哈,2025-11-08,10万以上,5%-15%,25%-50%,￥1000-5000
33,清贫正义的卧底警察男友将你亲手送进监狱后,荔枝炒香饭,2025-10-31,10万以上,0-5%,15%-25%,5000-1万
34,【聊斋兰若寺】鲁姑娘眼神都清澈了,伊旗影视城,2025-10-24,10万以上,0-5%,0-5%,￥0-1000
35,顶级天赋是直觉涌现,西西的奇思妙想,2025-11-02,10万以上,0-5%,15%-25%,￥0-1000
36,压抑和开放这一块/,小暖心灵疗愈室,2025-11-05,10万以上,0-5%,25%-50%,￥0-1000
37,人在不擅长的领域里会毫无魅力,为你而测,2025-11-11,10万以上,0-5%,15%-25%,￥0-1000
38,冬天到了，是时候重温《鬼怪》了！,耀西影视,2025-10-15,10万以上,0-5%,0-5%,￥0-1000
39,摆烂太久 天赋真的会被收走的,心理交流站,2025-11-08,10万以上,0-5%,25%-50%,￥0-1000
40,这对吗,西西的奇思妙想,2025-10-27,10万以上,0-5%,15%-25%,￥0-1000
41,笑死，地狱来了个贪官🥲,Ruby,2025-10-20,10万以上,0-5%,25%-50%,￥1000-5000
42,-,心理气象站,2025-11-12,10万以上,0-5%,25%-50%,￥0-1000
43,男朋友让我换个游戏玩，这个看了一个月😅,网瘾少女苏苏,2025-10-25,10万以上,5%-15%,15%-25%,￥1000-5000
44,没有人知道我们两个是怎么玩到一起的,菜菜的社交心法,2025-11-10,10万以上,0-5%,25%-50%,￥0-1000
45,安卓和iPhone都能用的F1迈凯伦动态壁纸,凡wallpaper,2025-09-25,10万以上,0-5%,5%-15%,￥0-1000
46,“真没招了”,菜菜的社交心法,2025-11-11,7万-10万,0-5%,15%-25%,￥0-1000
47,俺不中嘞“一个被窝睡不出两种人”诚不欺我,网瘾少女苏苏,2025-10-25,7万-10万,5%-15%,15%-25%,￥1000-5000
48,天赋的本质是你做这件事情比其他事情更快乐,西西的奇思妙想,2025-10-30,7万-10万,0-5%,15%-25%,￥0-1000
49,什么？对自由的精神需求度85%？！,得心应手。,2025-11-13,7万-10万,0-5%,50%-70%,￥0-1000
50,谁懂啊这张图简直是我的压力扫描仪，把,心理疗愈站,2025-11-12,7万-10万,0-5%,15%-25%,￥0-1000
51,我的古城现状be like：野金撑起一片天,花花游戏分享,2025-11-08,7万-10万,0-5%,5%-15%,￥0-1000
52,我的动物塑是“狼”！,小叶,2025-11-09,7万-10万,0-5%,25%-50%,￥0-1000
53,我好像真的没有一点天赋,西西的奇思妙想,2025-11-04,7万-10万,0-5%,15%-25%,￥0-1000
54,拯救一下勾线手抖的画画人！谁用谁喜欢！,一只绘画酱,2025-11-02,7万-10万,0-5%,5%-15%,￥1000-5000
55,内耗到这种程度，还是去看看心理医生吧,心理气象站,2025-11-04,7万-10万,0-5%,25%-50%,￥0-1000
56,你本该走哪条路， 天赋早已告诉了你！,心理交流站,2025-11-11,7万-10万,0-5%,15%-25%,￥0-1000
57,不是缺细节，是缺价值观,OC资料局,2025-11-10,7万-10万,0-5%,25%-50%,￥0-1000
58,明明没事却突然想哭，是抑郁了吗？,向日葵心理测试站,2025-10-21,7万-10万,0-5%,15%-25%,￥0-1000
59,嘴硬人夫生气后只会闷声洗内裤,汪汪厨师长(看置顶),2025-10-31,7万-10万,0-5%,15%-25%,￥0-1000
60,-,心灵探索疗愈,2025-11-12,7万-10万,0-5%,25%-50%,￥0-1000
61,应该很少有人满级天赋吧？,爱多工作室,2025-10-19,7万-10万,5%-15%,15%-25%,￥0-1000
62,你该吃哪碗饭，老天其实早就安排好了,西西的奇思妙想,2025-11-08,7万-10万,5%-15%,15%-25%,￥0-1000
63,原来能领这么多潮流纤维呀！,林很困,2025-10-25,7万-10万,0-5%,0-5%,￥0-1000
64,你以为正常，其实是躯体化的行为,春树wrc,2025-11-03,7万-10万,0-5%,25%-50%,￥0-1000
65,和你们这些占有欲低的人说不清楚,元宝家的,2025-11-08,7万-10万,0-5%,25%-50%,￥0-1000
66,🔥心理压力测试｜压力是不是有些大了？,心理研究站,2025-11-12,7万-10万,0-5%,25%-50%,￥0-1000
67,你对周围人不耐烦的点，恰恰是你的天赋所在,西西的奇思妙想,2025-11-12,7万-10万,0-5%,25%-50%,￥0-1000
68,没招了 太好玩了 坐高铁4个小时都在玩😅,网瘾少女苏苏,2025-10-15,7万-10万,0-5%,15%-25%,￥1000-5000
69,赛道选对了，不卷人生照样能开挂,为你而测,2025-11-08,7万-10万,0-5%,15%-25%,￥0-1000
70,占有欲强且没有安全的哨兵丈夫发现你找了……,黑心芝麻,2025-11-01,7万-10万,0-5%,15%-25%,￥0-1000
71,摆烂太久，天赋是会被收走的,西西的奇思妙想,2025-11-09,7万-10万,0-5%,15%-25%,￥0-1000
72,Dazz永久会员终于搞定啦！,晴子の胶片天空,2025-11-08,5万-7万,5%-15%,15%-25%,5000-1万
73,我远没有自己想象的那么善良！不想当乖乖女,自我探索之旅,2025-11-05,5万-7万,0-5%,25%-50%,￥0-1000
74,原来这是抑郁躯体化，一直以为是太累了,心理气象站,2025-10-28,5万-7万,0-5%,25%-50%,￥0-1000
75,原来 每一题都会令我沉思,菜菜的社交心法,2025-11-07,5万-7万,0-5%,25%-50%,￥0-1000
76,班主任必备！课堂死气沉沉？一个游戏就破冰！,思思班主任,2025-11-06,5万-7万,0-5%,15%-25%,￥0-1000
77,限时只要0.99🥕,十七张张,2025-10-24,5万-7万,0-5%,15%-25%,￥0-1000
78,🔥心理压力测试｜你属于哪种心理压力？,身心研究站,2025-11-14,5万-7万,0-5%,25%-50%,￥0-1000
79,就这画风还有人不心动吗 我不信‼️,网瘾少女苏苏,2025-10-23,5万-7万,5%-15%,15%-25%,￥1000-5000
80,原来我早就躯体化了，我以为是装的😂,心安小栈,2025-11-12,5万-7万,0-5%,25%-50%,￥0-1000
81,不同等级抑郁症的表现,春树wrc,2025-10-15,5万-7万,0-5%,15%-25%,￥0-1000
82,当你亲耳听到他说永远不会喜欢你,我要吃蛋挞103,2025-11-02,5万-7万,0-5%,25%-50%,￥0-1000
83,和你们占有欲低的人没什么好讲的,元宝家的,2025-11-02,5万-7万,0-5%,25%-50%,￥0-1000
84,人们往往对自己的天赋容易不屑一顾,西西的奇思妙想,2025-11-06,5万-7万,0-5%,15%-25%,￥0-1000
85,不是 iPad海绵宝宝5毛 还有人没玩过[石化R],网瘾少女苏苏,2025-10-29,5万-7万,0-5%,15%-25%,￥0-1000
86,大家认为“抑郁”就是不开心？,meikong,2025-11-08,5万-7万,0-5%,15%-25%,￥0-1000
87,原来这就是解离｜我一直以为自己幻想太丰富,心安小栈,2025-10-27,5万-7万,0-5%,25%-50%,￥0-1000
88,喜欢哪个版本的？,咔咔罐zzzz,2025-10-22,5万-7万,0-5%,15%-25%,￥1000-5000
89,原来每一道题都令我沉思,青葱鱼块,2025-11-07,5万-7万,0-5%,15%-25%,￥0-1000
90,老天爷真的会指引你该走哪条路,心理交流站,2025-11-10,5万-7万,0-5%,25%-50%,￥0-1000
91,肖8一出，考研人集体原地发疯🤯,依欣官官,2025-11-04,5万-7万,0-5%,5%-15%,￥1000-5000
92,别卷错方向了，老天爷一直在追着你喂饭呢,为你而测,2025-11-09,5万-7万,0-5%,25%-50%,￥0-1000
93,对别人不耐烦的点 就是你的天赋,而研测试,2025-11-05,5万-7万,0-5%,25%-50%,￥0-1000
94,原来老天爷真的会告诉你，你适合走哪条路,心理交流站,2025-11-14,5万-7万,0-5%,25%-50%,￥0-1000
95,女生是不是抑郁症，看她的房间就知道了,心理气象站,2025-10-31,5万-7万,0-5%,25%-50%,￥0-1000
96,全国大学生职业生涯规划大赛成品｜成长赛道,小轩素材,2025-09-05,5万-7万,25%-50%,15%-25%,1万-5万
97,申论从56到79，其实很简单,YY学姐资料库,2025-11-04,5万-7万,5%-15%,15%-25%,￥1000-5000
98,你生理性喜欢的事，就是你的天赋,而研测试,2025-11-14,5万-7万,0-5%,25%-50%,￥0-1000
99,我的心理年龄16岁，差了整整10岁🤔,为你而测,2025-10-18,5万-7万,0-5%,50%-70%,￥0-1000
100,宝，别假装努力，要真的上岸,YY学姐资料库,2025-10-31,5万-7万,5%-15%,15%-25%,￥1000-5000
101,八维测试,心理能量站,2025-11-08,3万-5万,5%-15%,25%-50%,￥1000-5000
102,90年代爸妈的“婚前课”，那时候太敢拍！,豩豩豦豦333,2025-11-08,3万-5万,5%-15%,5%-15%,￥1000-5000
103,最近爆火的Feather 3D画立体图也太爽了‼️,ipad软件库,2025-10-29,3万-5万,0-5%,5%-15%,￥1000-5000
104,收藏🎂生日就这样发朋友圈🎁没赞来打我,野生设计师黄小姐,2025-10-24,3万-5万,0-5%,5%-15%,￥0-1000
105,不是 5毛的海绵宝宝还不冲吗？,网瘾少女苏苏,2025-10-28,3万-5万,5%-15%,5%-15%,￥0-1000
106,学生自习安静神器，教室瞬间鸦雀无声🔥,小邓老师的碎碎念,2025-10-13,3万-5万,0-5%,5%-15%,￥0-1000
107,关于我在古城捡了三个魔芋爽这件事,花花游戏分享,2025-10-19,3万-5万,0-5%,0-5%,￥0-1000
108,你身上那股劲劲”的感觉其实就是你的天赋,心灵感应站,2025-11-11,3万-5万,0-5%,25%-50%,￥0-1000
109,一次性看懂 MBTI 字母含义,寻己,2025-10-28,3万-5万,0-5%,25%-50%,￥0-1000
110,如果世界是一片漆黑的森林，你选择成为?,菲儿---,2025-11-12,3万-5万,0-5%,25%-50%,￥0-1000
111,细节越多，角色越假,OC资料局,2025-10-27,3万-5万,0-5%,5%-15%,￥0-1000
112,☕️瑞幸咖啡！香到拼单疯抢谁懂？,心沁,2025-11-11,3万-5万,15%-25%,5%-15%,￥0-1000
113,你适合什么工作，老天爷早用天赋提醒过你了,为你而测,2025-11-11,3万-5万,0-5%,25%-50%,￥0-1000
114,iOS26壁纸｜这壁纸好有感觉！！！,红薯出口SweetPotatoExport,2025-11-09,3万-5万,0-5%,5%-15%,￥0-1000
115,5分钟测试一下看看你有没有抑郁焦虑？,Lullaby心理疗愈,2025-10-04,3万-5万,0-5%,15%-25%,￥0-1000
116,高浓度p人终于能进入心流学习了（已专注8h）,瞌学家不焦虑,2025-10-17,3万-5万,0-5%,5%-15%,￥1000-5000
117,正式启动！四六级督学！,景欢Chimery,2025-10-27,3万-5万,5%-15%,5%-15%,1万-5万
118,瑞幸新皮肤！可爱到心都化了🐰☕️,心沁风阳,2025-11-13,3万-5万,5%-15%,5%-15%,￥0-1000
119,当你不再粘着他，自卑聋哑哥哥红着眼哭了,华华正在努力中,2025-10-08,3万-5万,5%-15%,15%-25%,￥1000-5000
120,不开玩笑 有iPad的妹子都去玩这个！！[赞R],网瘾少女苏苏,2025-10-31,3万-5万,0-5%,15%-25%,￥0-1000
121,天生该吃哪碗饭？终究要闯哪条路？,西西的奇思妙想,2025-10-31,3万-5万,0-5%,15%-25%,￥0-1000
122,-,身心疗愈心理社,2025-11-12,3万-5万,0-5%,25%-50%,￥0-1000
123,课堂惩罚👍🏻👍🏻互动小游戏,初中教学资料铺（优质课）,2025-10-16,3万-5万,0-5%,15%-25%,￥0-1000
124,《半熟老公》,兰迪猫,2025-11-05,3万-5万,0-5%,15%-25%,￥0-1000
125,修改前VS后：我的自习课管理仿佛开了挂！！,柒柒就是我,2025-11-06,3万-5万,0-5%,0-5%,￥0-1000
126,真羡慕有些人的天赋点正好踩在优绩主义上,心理交流站,2025-11-10,3万-5万,0-5%,25%-50%,￥0-1000
127,“爱”才是世间最无价的。你说是吗,情绪扫描仪,2025-11-11,3万-5万,0-5%,15%-25%,￥0-1000
128,边吃零食边刷常识4600，好悠闲🤭嘻嘻嘻嘻,岸口船夫,2025-11-07,3万-5万,5%-15%,5%-15%,￥1000-5000
129,石麻麻的冲刺20篇我有啦！,数据小丸子,2025-11-09,3万-5万,5%-15%,15%-25%,￥1000-5000
130,你们还是太弱了,元宝家的,2025-11-08,3万-5万,0-5%,15%-25%,￥0-1000
131,巨累，但30天过四六级（刘晓燕网课整合版）,是嘟嘟嘟吖,2025-10-30,3万-5万,5%-15%,15%-25%,￥1000-5000
132,不要在烂局里硬撑，你的天赋根本不在这,西西的奇思妙想,2025-10-30,3万-5万,0-5%,15%-25%,￥0-1000
133,#人浮于爱 #人浮于爱台剧#邵雨薇 #杨祐宁#,風風影视铺,2025-11-08,3万-5万,0-5%,0-5%,￥0-1000
134,拥有闲谈力是社会化程度高的体现,野生小薯条,2025-11-03,3万-5万,0-5%,15%-25%,￥1000-5000
135,-,身心疗愈心理社,2025-11-12,3万-5万,0-5%,25%-50%,￥0-1000
136,目标80以下，先把模板套明白！,学海无涯资料,2025-11-03,3万-5万,5%-15%,15%-25%,5000-1万
137,-,COYOUR,2025-10-16,3万-5万,5%-15%,5%-15%,￥0-1000
138,"""纵然昨夜哭成狗，今天还是要做个小太阳""",丁香结宝藏小屋,2025-10-10,3万-5万,0-5%,15%-25%,￥0-1000
139,主角团里的貌美作精死遁后翻车了,青菜大厨,2025-11-06,3万-5万,0-5%,5%-15%,￥0-1000
140,考公大忌：只刷题+看网课考不上的！,公考新情报站,2025-10-16,3万-5万,5%-15%,5%-15%,5000-1万
141,一个人的天赋往往是以缺点的形式表达出来,西西的奇思妙想,2025-11-13,3万-5万,0-5%,25%-50%,￥0-1000
142,🌸终于等到了！小乔限定皮肤今日返场,王者小铺,2025-10-27,3万-5万,5%-15%,5%-15%,￥1000-5000
143,你该走哪条路，老天其实早就安排好了,西西的奇思妙想,2025-11-05,3万-5万,5%-15%,15%-25%,￥0-1000
144,iOS26壁纸｜这壁纸好有感觉！！！,红薯出口SweetPotatoExport,2025-11-09,3万-5万,0-5%,5%-15%,￥0-1000
145,摆烂太久，天赋真的会被收走的,西西的奇思妙想,2025-11-08,3万-5万,0-5%,15%-25%,￥0-1000
146,你身上的那股“劲劲”的感觉其实就是你的天赋,心理交流站,2025-11-13,3万-5万,0-5%,15%-25%,￥0-1000
147,怎么判断自己是不是真的抑郁症/焦虑症？,心安小栈,2025-11-05,3万-5万,0-5%,25%-50%,￥0-1000
148,我去😳，发现了新大陆......,知栀dpz,2025-10-18,3万-5万,5%-15%,5%-15%,￥1000-5000
149,很多人得了抑郁症自己毫无觉察#抑郁[话题]#,Apple身心疗愈研究室,2025-09-28,3万-5万,0-5%,15%-25%,￥0-1000
150,不是吧😥还能这样背单词……,子悠酱日记,2025-10-29,3万-5万,5%-15%,5%-15%,￥0-1000
151,🌸小乔丁香结限时返场｜温柔系皮肤yyds！,小乔丁香结,2025-11-05,3万-5万,0-5%,5%-15%,￥0-1000
152,全网爆火的X压抑测试和X压抑指数计算,xiaoxiao6今天也不想上班,2025-10-11,3万-5万,5%-15%,5%-15%,￥0-1000
153,被偷走睡眠后我揭穿真相🕊已完结,七月,2025-11-09,3万-5万,0-5%,15%-25%,￥0-1000
154,一直很好奇,COYOUR,2025-11-04,3万-5万,0-5%,5%-15%,￥0-1000
155,哈哈哈哈笑不活了，这到底是哪一版动物塑！？,心理治愈bot,2025-11-09,3万-5万,0-5%,25%-50%,￥0-1000
156,25下教资面试，无非就这22页，抓紧背,梦恬恬吖,2025-10-09,3万-5万,5%-15%,5%-15%,￥1000-5000
157,原来每一题都会令我沉思,sweety心理研究院,2025-11-12,3万-5万,0-5%,15%-25%,￥0-1000
158,🎐小乔最美紫皮！丁香结限时返场爱了😍,丁香结,2025-11-08,3万-5万,0-5%,5%-15%,￥0-1000
159,仙侠虐恋：凡妻觉醒逆袭上神,轻轻茉莉,2025-11-11,3万-5万,0-5%,25%-50%,￥0-1000
160,都说我像小孩，心理年龄一测傻眼了,身心疗愈研究院whh,2025-11-02,3万-5万,5%-15%,25%-50%,￥0-1000
161,为什么现在很多人都卸载掉知乎了,COYOUR,2025-11-04,3万-5万,0-5%,5%-15%,￥0-1000
162,我不行了 真的是毫无天赋🫣,而研测试,2025-11-15,3万-5万,0-5%,25%-50%,￥0-1000
163,姐妹们，全套桃之夭夭杂志电子版合集来啦❗️,净植看短篇,2025-11-07,3万-5万,5%-15%,5%-15%,5000-1万
164,还有宝子们没测自己的动物塑吗,小瓜mtm,2025-11-08,3万-5万,0-5%,15%-25%,￥0-1000
165,考研人要背完型词组啊啊啊,言玖姐,2025-10-27,3万-5万,0-5%,15%-25%,￥0-1000
166,“盯着这张图看5秒！你的压力值藏在它的动,心理测试加油站,2025-11-13,3万-5万,0-5%,15%-25%,￥0-1000
167,猫儿这个有劲,给珍珠光明,2025-11-04,3万-5万,0-5%,15%-25%,￥1000-5000
168,哭着哭着突然没情绪了，刚刚的难过是假的吗,一令_心理（不私聊）,2025-10-22,3万-5万,0-5%,25%-50%,￥0-1000
169,国外最近很火的恋爱人格测试,阿喵的测试小岛,2025-10-25,3万-5万,5%-15%,25%-50%,￥0-1000
170,✨直接抄✨「成长赛道」大学生职业规划PPT模版,素材菌｜简历｜PPT,2025-10-22,3万-5万,5%-15%,15%-25%,￥1000-5000
171,第三届全国大学生职业规划大赛2000字模板,大猫素材基地,2025-10-28,3万-5万,15%-25%,25%-50%,5000-1万
172,-,向阳愈小花,2025-11-12,3万-5万,0-5%,25%-50%,￥0-1000
173,有了仿生伴侣机器人之后，你开始逐渐冷淡竹,砚墨染云笺,2025-11-10,3万-5万,5%-15%,5%-15%,￥1000-5000
174,✨麦当劳拼套餐，快乐直接拉满！🍔,晴萌,2025-11-10,3万-5万,5%-15%,5%-15%,￥0-1000
175,日常调戏男朋友 有点羞耻但好玩！！,今天吃什么,2025-09-18,3万-5万,5%-15%,5%-15%,￥0-1000
176,快速识别npd的法子，准得很嘞,阿梨的心理疗愈站,2025-11-10,3万-5万,0-5%,25%-50%,￥0-1000
177,会有人得了焦虑症，自己不知道吗？,身心疗愈心理研究院,2025-10-07,3万-5万,5%-15%,25%-50%,￥0-1000
178,给总裁当三年舔🐶后,青菜大厨,2025-10-30,3万-5万,0-5%,15%-25%,￥0-1000
179,选择娇气大小姐人设的你，却被系统投放到了,美味小小拉克丝,2025-10-30,3万-5万,0-5%,15%-25%,￥0-1000
180,救命，我居然把常识当爽文刷了一周嘻嘻嘻嘻,岸口船夫,2025-10-29,3万-5万,5%-15%,5%-15%,￥1000-5000
181,董宇辉英语课程简单易懂,小胡老师资料,2025-09-25,3万-5万,0-5%,0-5%,￥0-1000
182,-,身心疗愈心理空间,2025-10-24,3万-5万,0-5%,15%-25%,￥0-1000
183,逆天！我成为故事中的大反派啦？！,奈斯兔游戏爱分享,2025-11-07,3万-5万,0-5%,5%-15%,￥1000-5000
184,爸妈年代的风气这么开放的嘛？,小红薯691984A7,2025-11-09,3万-5万,5%-15%,5%-15%,￥1000-5000
185,摆烂别太久，天赋真的会被收回的,西西的奇思妙想,2025-11-12,3万-5万,0-5%,25%-50%,￥0-1000
186,怎么判断自己是不是真的焦虑症/抑郁症,身心疗愈心理研究院,2025-10-18,3万-5万,0-5%,25%-50%,￥0-1000
187,2025年12月刘晓艳四级写作纯背模板,过儿🍎🍎🍎,2025-10-11,3万-5万,5%-15%,15%-25%,￥0-1000
188,别等了，白月光已经结婚了,小红薯帅帅,2025-11-11,3万-5万,5%-15%,25%-50%,￥0-1000
189,申论人物事例这样积累：背得少、有亮点,夏知的公考笔记,2025-10-22,3万-5万,0-5%,5%-15%,￥1000-5000
190,谁能拒绝这种3D呢,雷姆Comic,2025-10-16,3万-5万,0-5%,0-5%,￥0-1000
191,-,丁香结,2025-09-30,3万-5万,0-5%,15%-25%,￥0-1000
192,原来这是焦虑躯体化，我还以为是玩手机上瘾,心理扫码站,2025-10-13,3万-5万,0-5%,25%-50%,￥0-1000
193,-,身心疗愈心理社,2025-11-08,3万-5万,0-5%,25%-50%,￥0-1000
194,怕死、伤害自己下不去手，是在装抑郁症吗？,一令_心理（不私聊）,2025-10-02,3万-5万,0-5%,25%-50%,￥0-1000
195,🔥心理压力测试|看看最近压力有多大,身心疗愈心理 研究站,2025-11-09,3万-5万,0-5%,15%-25%,￥0-1000
196,末世｜反派的漂亮小跟班被男主撅了01,兔本豆,2025-10-30,3万-5万,0-5%,5%-15%,￥0-1000
197,抑郁之后你们忽然对什么东西上瘾了,心理扫码站,2025-10-14,3万-5万,0-5%,25%-50%,￥0-1000
198,不同考生，申论积累效率真的能差100倍！,夏知的公考笔记,2025-10-05,3万-5万,0-5%,5%-15%,￥1000-5000
199,怎么找到天生该吃的那碗饭？,西西的奇思妙想,2025-11-08,1万-3万,0-5%,15%-25%,￥0-1000
200,-,心理气象站,2025-11-09,1万-3万,0-5%,25%-50%,￥0-1000